id,label
test\1a2d9fd3e21b4266aea1f66b30aed157.jpg,1
test\ab5df8f441fe4fbf9dc9c6baae699dc7.jpg,1
test\eb364dd2dfe34feda0e52466b7ce7956.jpg,1
test\f76c2580e9644d85a741a42c6f6b39c0.jpg,0
test\a16495c578b7494683805484ca27cf9f.jpg,1
test\d08826f7ccab45c8935d8df5524b2869.jpg,1
test\8ba52123cc7b4e3aa90e3947734197e0.jpg,1
test\b107ac0040284f1aace7a6714bf152f7.jpg,1
test\601c646d626d46da8c5fac6653efcfb8.jpg,1
test\ef29ead63754441b82b56c1a22082fdf.jpg,1
test\f166b995659946e7bcaa25823890d909.jpg,1
test\bc1fe6d5527246eca53bbfec751d4020.jpg,1
test\72db1bbd6a0d46a8b72b240cacfb1794.jpg,1
test\8bb829efccb549178cae75a2c6b7780f.jpg,1
test\eb476c70a9ce427d810a265c492888d4.jpg,1
test\ae9f3fd741dd45f0ae94fce7d0b3ab6b.jpg,0
test\a42e0b2c275242feaf8618d0c74fc419.jpg,0
test\524eaa42b4324cc2a66baec78e8e6984.jpg,1
test\57e48cca910d41d4886ffb48ec992d95.jpg,1
test\f79a9aa7d7a1499ca22a1b5c1ee7ec69.jpg,1
test\d153421ac9364f59918fb6b0a481892f.jpg,0
test\3b793f97cbd24f6ab34b320ffdff8553.jpg,1
test\ed65b1d1ca1f40a6b96a2d317a350a76.jpg,1
test\f3677cbf96aa4759a224a281b7e2bae4.jpg,1
test\b7f7a867362444c5b64293dd0c46e3ed.jpg,1
test\083f811782e04ff783de076773b876de.jpg,1
test\d49743c76c1b4666bbca2f34834816d6.jpg,1
test\e7dc5cf3c30e4420b811a30a1b8545c1.jpg,1
test\48446813ae8c428e9c5920dfaea63be4.jpg,1
test\ac6c419aae844f1db13a3307c9a5d597.jpg,1
test\59927172f772471fb8e0af810e9641c8.jpg,1
test\2e0bb5de076c4f96bed192c362386c8b.jpg,0
test\908b0368b8c54935a6027f96ad540daf.jpg,0
test\9fa169d658654d389fe850654770031f.jpg,1
test\2f007b7895ff44cabd3dcb0a14d4e387.jpg,1
test\b90fdcce89244403a0ae89455d2e5b5d.jpg,0
test\b2a48418070346b4b6ed72331ed4b12f.jpg,1
test\b8bbace2b73f4e4594fae922e295d4a1.jpg,1
test\392886010ff84b7fb6549396bec30f7c.jpg,1
test\d0d490cecbf7414daa62e6e9359012cf.jpg,1
test\9b7b80e6b4fd432fa9b31374936ef121.jpg,1
test\5995fa969e904e1faf567915b015da01.jpg,1
test\c5c136d690fe4b029a4baa65d56e6d2f.jpg,1
test\4058106d54fd412aba5dcfbf000dc7b4.jpg,1
test\04c10a4acf094389a3842b1d336a13ae.jpg,1
test\a6d0ee1d95f646b2bf6afcfd52560279.jpg,1
test\9f47bc67bd4c4066aec867b8ac26b027.jpg,1
test\a314589cac7846498aa270285ca44fa6.jpg,1
test\416204a2e6c1452fb4263649f3eb3e60.jpg,1
test\921b72de0c4848e380a351bea76021ea.jpg,1
test\2a1bb4a760c542a8b25bd0afa7f4426b.jpg,1
test\6ff18ae737d94adcb54147fdfb57cbfa.jpg,1
test\3d69d51f5c33422b8f3056e9f3b1cf8f.jpg,0
test\0253209092c94bb780bc7aa714b2d9e4.jpg,1
test\a2a40cdf160842a8b798d93a5a8b1c36.jpg,1
test\91cf6d2ba4d94c69b31a3db4dabdc263.jpg,1
test\643e2cb261c446f892597d2095828c4b.jpg,1
test\9810456ce4824459a285b96c173d6c5c.jpg,1
test\4d4b1c9235214290804cf44dec7dbc2a.jpg,1
test\5a624491f860449d9c8e4499079e2667.jpg,1
test\138679fcbcd54304a25bdc4edd7d26ff.jpg,1
test\f73e688021f04f128db6f1f399244d9b.jpg,1
test\2e1f245bdfa64e20a2e9b34405b11eb9.jpg,1
test\ffbb81607591483dbe06a0d077a2d7fb.jpg,1
test\6aa7d3c94bb64fe4ab67be9e940e1f1a.jpg,1
test\9e570da88ca74876b8b3500bc8cddb63.jpg,0
test\9786220cace943fd9db18b21137b1546.jpg,1
test\2cf70f61ad884f8aa88c0cc306761acc.jpg,1
test\6194aede31114366bdb7c684ffef61e4.jpg,0
test\c8ad73d8a82c452e91733236ecfe2880.jpg,1
test\310d7c1562694d1f857c092504a5abee.jpg,1
test\bd795601853147b7ae02b5cd2974fdc0.jpg,0
test\f791aa9e99ce4424b81197dbc449c0ed.jpg,1
test\9308a403ea7c48e5abe28bfe4aa46ef5.jpg,1
test\3fbd64bc2b3c4a87adf1abf7c739eecf.jpg,1
test\98dc4c022dc7407ca449084b88c8ed7f.jpg,1
test\0478a2f3cde64ec59924ee8d21ba5f10.jpg,1
test\2fb922cdf6cb43eda52167cdffc0df61.jpg,0
test\786b7fb3e4f0413b9ebd4c6abaa7c96a.jpg,1
test\362f2b7c3f8249ec9e823575930f934f.jpg,0
test\0dade002d47f46058a8b665dc527b252.jpg,1
test\40a2a74d460741e6ae1413c5c42c3247.jpg,1
test\fe70e7b0eae04ca1aff269ebb0d56a16.jpg,1
test\5ade490e7be4489f8570e6069f10d423.jpg,1
test\2b1f78f6385d4d2494837bf2479503d9.jpg,1
test\f271254b729147c5b74fc3a371bfc601.jpg,0
test\43923951bbc14c5ca448468d8937203d.jpg,1
test\6bf5b1aaa00a435cbbcea329d7c22350.jpg,1
test\04e18ad9b6f4446fadf40ddd909cd1e7.jpg,1
test\76f95db457654e598e09db888de5f0ae.jpg,1
test\68d0003befc6496fbcde4edb2d6a064e.jpg,1
test\a6b454977a1140cc81e988df1932fe8c.jpg,0
test\0652ada7a1b6469ca43e72965241a62a.jpg,1
test\96970748ab7c4b08a0b028032b6f415a.jpg,1
test\a2ee15d47b2d4a07b2c4d7200dac8095.jpg,1
test\646c8fdaee464578b210c06239584574.jpg,1
test\022d7a9629f644d0a337540b161a0152.jpg,1
test\9a157b268557426da22aff689f88f775.jpg,1
test\4940df21647a43e9bfe275bc9ef0f364.jpg,0
test\1b1acd44d79b4d2794bd29f505bb7aa8.jpg,1
test\e9ddac64aef04f8b91aeae10bdbda747.jpg,1
test\ace57b744387456ca4302ee493178b73.jpg,1
test\b60d7e66014c4f7b8d012eaed5fa557b.jpg,1
test\61f96c605f6f47fb955e8d4d21764d32.jpg,1
test\71b496944fdb4d7f96b114171dfae60e.jpg,1
test\35b52b50c7a44caabea104049b0787ce.jpg,1
test\6ca5791b21cb4f4fb44affdc21daab3a.jpg,1
test\7ef6dcf79ab44a848ba28e52e5eb9641.jpg,0
test\0c4ed72b68ec442ea71ab365e6d8017b.jpg,1
test\1182354bac0f4171a2144f6aa4c7c60c.jpg,0
test\cc29d8ddf51c415ba68ddeea22961d92.jpg,1
test\e82e21f3a6ea40b7a11e5b13ebcb75ea.jpg,1
test\acd01e26fead415aa11d08a70875d676.jpg,0
test\c00b4c53fb3e43359820b1cd6fc8167a.jpg,1
test\7554e12457de4e6b8dddee147f1ccde0.jpg,1
test\f7b5c9d1a8724a3bb1b93093a5e2cd21.jpg,1
test\b69309f93994421daa5391d7460ebb03.jpg,1
test\658c27f36a144c1a8079ac1dab68d0a8.jpg,1
test\6d292a946ec34f688aefa939dedd03af.jpg,1
test\c63245f3b2d84ef999793e7a6defae29.jpg,1
test\644a1d24421b4a6cb411fae3d674d75e.jpg,1
test\c5cfec8689b34aecb11f28c6714832d0.jpg,1
test\7c126b22883c4145b14959910d1d9333.jpg,0
test\6ef381ed8cb34dd18092d0d5f27fbfe1.jpg,1
test\314079f1f56b4c6595ce4c496ccffd89.jpg,1
test\e684c42f0e21406f8c9732820f18fbde.jpg,1
test\3e94d4c0feaa46339cd4eb596ec131a0.jpg,1
test\c8de3331f8a34547a7174d75bf4ecdc2.jpg,1
test\f56cc752f1e44363aee80db9abb5d59e.jpg,1
test\f97e5a1f1b0541b48c56477fdb92ff31.jpg,0
test\78f79cebcc5d46d18e8bc21fa914e491.jpg,1
test\dfd05033537c4e2aa3437263ca813356.jpg,1
test\a24e136ded304cd7854e47b8a34c723a.jpg,1
test\eae86d5209f94a1983ac8f1c1ba42553.jpg,1
test\cbf971f8f67e4513a7623133d6d7a92c.jpg,1
test\13c0079aa39a434fa5072ea2147ec43c.jpg,1
test\0e113ede93db443ba944010bc33a1418.jpg,1
test\2cbcd2c0ded043328354c5ed511b330f.jpg,1
test\e9449857338f454e9bb9c44e9b0aaa4a.jpg,0
test\6b552ca68a244f8b843d6a0c3d811480.jpg,1
test\a40c4b4a646f430ba40dde6f9ce310e4.jpg,1
test\cc64a003618f4abc9d9322bf096d9070.jpg,1
test\fb5a7d26cb424f8c93228e162130e19b.jpg,1
test\5fc803f234794c99b7fa872f82a200fa.jpg,1
test\64c0aa7ebb1e4a49b133e4c6514e0fbd.jpg,0
test\f910f0e838494733b787c3a5a0ba5813.jpg,0
test\6c947d6bc4c847ae97b6c171565ce8c3.jpg,0
test\a87abb01b1514d88a1537663ecf5eb48.jpg,1
test\63527788983a4a0f80f72d3436169148.jpg,1
